商品名,URL,画像URL,価格,数量,状态
HG 1/144 シラヌイアカツキガンダム　未組立品,https://jp.mercari.com/item/m14622826354,https://static.mercdn.net/c!/w=240/thumb/photos/m14622826354_1.jpg?1750650197,¥,"3,400",未組立
ガンプラ　RG フリーダムガンダム ZGMF-X10A 新品未組立品,https://jp.mercari.com/item/m99413229619,https://static.mercdn.net/c!/w=240/thumb/photos/m99413229619_1.jpg?1748511293,¥,"4,000",未組立
SDガンダム　シャア専用ズゴック　プラモデ　未組立,https://jp.mercari.com/item/m78545085676,https://static.mercdn.net/c!/w=240/thumb/photos/m78545085676_1.jpg?1752281092,¥,"2,999",未組立
RG ブラストインパルスガンダム Spec II 未組立品,https://jp.mercari.com/item/m29283654303,https://static.mercdn.net/c!/w=240/thumb/photos/m29283654303_1.jpg?1752407027,¥,"6,450",未組立
ガンプラ hg aoz バーザム　レジオン鹵獲仕様 新品　内袋未開封　未組立,https://jp.mercari.com/item/m28671738179,https://static.mercdn.net/c!/w=240/thumb/photos/m28671738179_1.jpg?1745228149,¥,"4,980",未組立
ガンプラ　ザク II FZ タイプB (ユニコーンVer.) 新品未組立品,https://jp.mercari.com/item/m73326171702,https://static.mercdn.net/c!/w=240/thumb/photos/m73326171702_1.jpg?1751789558,¥,"2,900",未組立
機動戦士ガンダム00 ガンプラ　hg オーガンダム　新品　未組立　未開封,https://jp.mercari.com/item/m51734223779,https://static.mercdn.net/c!/w=240/thumb/photos/m51734223779_1.jpg?1752395279,¥,"3,480",未組立
【新品・未組立】 RG 1/144 フルアーマーユニコーンガンダム ＊同梱可能,https://jp.mercari.com/item/m62491333014,https://static.mercdn.net/c!/w=240/thumb/photos/m62491333014_1.jpg?1752315986,¥,"7,880",未組立
【未組立】 HG ガンダムX、ガンダムDX、ガンダムXディバイダー、エアマスター,https://jp.mercari.com/item/m19895303293,https://static.mercdn.net/c!/w=240/thumb/photos/m19895303293_1.jpg?1752393851,¥,"12,000",未組立
ビルドストライクガンダム　ソリッドクリア,https://jp.mercari.com/item/m12520791812,https://static.mercdn.net/c!/w=240/thumb/photos/m12520791812_1.jpg?1751703554,¥,"1,699",未組立
HG トランジエントガンダム　未組立,https://jp.mercari.com/item/m57412311561,https://static.mercdn.net/c!/w=240/thumb/photos/m57412311561_1.jpg?1752340634,¥,"2,700",未組立
ガンプラ hg ガンダム age fx バースト　新品　内袋未開封　未組立,https://jp.mercari.com/item/m82493688600,https://static.mercdn.net/c!/w=240/thumb/photos/m82493688600_1.jpg?1745301942,¥,"7,000",未組立
HGUC 1/144 AMX-107 バウ,https://jp.mercari.com/item/m58518861235,https://static.mercdn.net/c!/w=240/thumb/photos/m58518861235_1.jpg?1752387492,¥,"2,300",未組立
1/144 シャア専用ズゴック 未組立,https://jp.mercari.com/item/m54262270034,https://static.mercdn.net/c!/w=240/thumb/photos/m54262270034_1.jpg?1752395249,¥,"1,480",未組立
ガンプラ未組立　2個　RGガンダム2.0、HGバーザム（クリアー）,https://jp.mercari.com/item/m92377491739,https://static.mercdn.net/c!/w=240/thumb/photos/m92377491739_1.jpg?1752416867,¥,"7,800",未組立
【未組立】HGガンプラ MS-07B GOUF グフ 1/144,https://jp.mercari.com/item/m57800469857,https://static.mercdn.net/c!/w=240/thumb/photos/m57800469857_1.jpg?1752403196,¥,"2,300",未組立
HGザクⅡ 新品 未組立品 バンダイ,https://jp.mercari.com/item/m96727684384,https://static.mercdn.net/c!/w=240/thumb/photos/m96727684384_1.jpg?1749044655,¥,"3,700",未組立
G賞 EG νガンダム ソリッドクリア【新品】,https://jp.mercari.com/item/m40340429747,https://static.mercdn.net/c!/w=240/thumb/photos/m40340429747_1.jpg?1752388046,¥,"1,450",未組立
HGBF ガンダムビルドファイターズAR ガンダムシュバルツリッター 1/144,https://jp.mercari.com/item/m10575777015,https://static.mercdn.net/c!/w=240/thumb/photos/m10575777015_1.jpg?1752409370,¥,"3,980",未組立
HF6122 未組立 RG 1/144 量産型ズゴック,https://jp.mercari.com/item/m39397259340,https://static.mercdn.net/c!/w=240/thumb/photos/m39397259340_1.jpg?1752419259,¥,"3,880",未組立
新品 オプションパーツガンプラ15 キャバリアーアイフリッド 未組立品 1,https://jp.mercari.com/item/m72527958835,https://static.mercdn.net/c!/w=240/thumb/photos/m72527958835_1.jpg?1752403231,¥,"3,480",未組立
新品未開封 MGSDガンダム バルバトス アイアンブラッドコーティング,https://jp.mercari.com/item/m14024097687,https://static.mercdn.net/c!/w=240/thumb/photos/m14024097687_1.jpg?1752421397,¥,"9,200",未組立
FG 1/144 MS-06F ザクII【新品未開封】,https://jp.mercari.com/item/m93075939779,https://static.mercdn.net/c!/w=240/thumb/photos/m93075939779_1.jpg?1752386417,¥,"1,500",未組立
ENTRY GRADE 1/144 νガンダム　セブン-イレブン限定カラー,https://jp.mercari.com/item/m73014378066,https://static.mercdn.net/c!/w=240/thumb/photos/m73014378066_1.jpg?1752388379,¥,"2,200",未組立
RG XXXG-00W0 ウイングガンダムゼロ EW ZGMF-X20A ストラ,https://jp.mercari.com/item/m80786177547,https://static.mercdn.net/c!/w=240/thumb/photos/m80786177547_1.jpg?1752406704,¥,"7,810",未組立
ガンプラ hg ライトニングバックウェポンシステム　未組立　内袋未開封,https://jp.mercari.com/item/m87391201460,https://static.mercdn.net/c!/w=240/thumb/photos/m87391201460_1.jpg?1752391222,¥,"3,000",未組立
BANDAI SPIRITS RG 1/144 新機動戦記ガンダムW ガンダムエピオン,https://jp.mercari.com/shops/product/AmgRVewJpMUzwheENm3XrC,https://assets.mercari-shops-static.com/-/small/plain/vBufPjqtySBLRzLgmTLgxk.jpg@webp,¥,"3,630",未組立
ガンプラ 新品未組立 HG イフリート_ナハト ガンダム プラモデル バンダイ,https://jp.mercari.com/item/m39672223755,https://static.mercdn.net/c!/w=240/thumb/photos/m39672223755_1.jpg?1752409964,¥,"4,150",未組立
1/144 ジムⅡ,https://jp.mercari.com/item/m40670933550,https://static.mercdn.net/c!/w=240/thumb/photos/m40670933550_1.jpg?1752393994,¥,"1,030",未組立
機動戦士ガンダム 未組立 1/144 旧キットガンプラ △,https://jp.mercari.com/item/m33953836550,https://static.mercdn.net/c!/w=240/thumb/photos/m33953836550_1.jpg?1752125365,¥,"1,290",未組立
HGガンプラ まとめ売り【未組立】,https://jp.mercari.com/item/m51254503154,https://static.mercdn.net/c!/w=240/thumb/photos/m51254503154_1.jpg?1748807111,¥,"8,300",未組立
【最終値下げ】ガンプラまとめ売り HGガンプラ未組立品6体セット,https://jp.mercari.com/item/m22359920813,https://static.mercdn.net/c!/w=240/thumb/photos/m22359920813_1.jpg?1751594156,現在 ¥,"13,800",未組立
XXXG-01H ガンダムヘビーアームズ(クリアカラー) 【未使用品】,https://jp.mercari.com/item/m91310685764,https://static.mercdn.net/c!/w=240/thumb/photos/m91310685764_1.jpg?1752370756,¥,"3,280",未組立
ガンプラ hg　ライトニングバックウェポンシステムMK-Ⅱ 未組立 内袋未開封,https://jp.mercari.com/item/m89379989552,https://static.mercdn.net/c!/w=240/thumb/photos/m89379989552_1.jpg?1752392178,¥,"3,980",未組立
未組立品 HG サーペントカスタム メタルクリヤー特別版,https://jp.mercari.com/item/m70195045914,https://static.mercdn.net/c!/w=240/thumb/photos/m70195045914_1.jpg?1752416418,¥,"2,980",未組立
,,,,,未組立
機動戦士ガンダム 鉄血のオルフェンズ ガンダムバルバトス 第6形態 1/100ス,https://jp.mercari.com/item/m18561779345,https://static.mercdn.net/c!/w=240/thumb/photos/m18561779345_1.jpg?1752418256,¥,"6,300",未組立
ガンプラHG未組立　フリーダム4種　定価割れ　まとめ売り,https://jp.mercari.com/item/m23896204733,https://static.mercdn.net/c!/w=240/thumb/photos/m23896204733_1.jpg?1752302737,¥,"9,900",未組立
SDW HEROES レイフガンダム、窮奇ストライクフリーダムガンダムほか全8体,https://jp.mercari.com/item/m15529358939,https://static.mercdn.net/c!/w=240/thumb/photos/m15529358939_1.jpg?1752419412,¥,"6,666",未組立
ガンダム00　ガンプラ hg ガンダムアストレアタイプf 新品　未組立,https://jp.mercari.com/item/m85822600559,https://static.mercdn.net/c!/w=240/thumb/photos/m85822600559_1.jpg?1744719477,¥,"3,980",未組立
新品未組立２個セット　HG 1/144 ガンダムジリウス,https://jp.mercari.com/item/m83161915650,https://static.mercdn.net/c!/w=240/thumb/photos/m83161915650_1.jpg?1752349448,¥,"14,444",未組立
新品未開封　RG 1/144 デスティニーインパルスガンダム未組立,https://jp.mercari.com/item/m45247939425,https://static.mercdn.net/c!/w=240/thumb/photos/m45247939425_1.jpg?1752394569,¥,"8,888",未組立
ガンプラHG未組立13点セット　プレバン含む　まとめ売り,https://jp.mercari.com/item/m64027466762,https://static.mercdn.net/c!/w=240/thumb/photos/m64027466762_1.jpg?1752302657,¥,"31,400",未組立
バンダイ HGUC 1/144 機動戦士ガンダム シャア専用ゲルググ 070,https://jp.mercari.com/shops/product/t5EiZdftBviDMLBfP4PzBR,https://assets.mercari-shops-static.com/-/small/plain/mpyYjy5appVBUCet2wMyFf.jpg@webp,¥,"1,760",未組立
【未組立】　新機動戦記 ガンダムW　OZ-19MASX ガンダムグリープ,https://jp.mercari.com/item/m54107912717,https://static.mercdn.net/c!/w=240/thumb/photos/m54107912717_1.jpg?1751939325,¥,"1,700",未組立
【新品未組立】HG エグザべギャン(ハクジ装備)、軽キャノン,https://jp.mercari.com/item/m78545441026,https://static.mercdn.net/c!/w=240/thumb/photos/m78545441026_1.jpg?1752412725,¥,"7,380",未組立
MG ウイングガンダムゼロ EW ver.Ka 未組立 ガンプラ,https://jp.mercari.com/item/m87625005838,https://static.mercdn.net/c!/w=240/thumb/photos/m87625005838_1.jpg?1751547581,現在 ¥,"9,100",未組立
HG 1/144 ガンダム デルタカイ　未組立,https://jp.mercari.com/item/m17759748717,https://static.mercdn.net/c!/w=240/thumb/photos/m17759748717_1.jpg?1752374064,¥,"4,100",未組立
ガンプラ　HG RGM-79 & MS-15/H,https://jp.mercari.com/item/m85538718300,https://static.mercdn.net/c!/w=240/thumb/photos/m85538718300_1.jpg?1752407856,¥,"9,000",未組立
BANDAI HGUC No.020『RGM-79 GM(ジム)』,https://jp.mercari.com/item/m44100418824,https://static.mercdn.net/c!/w=240/thumb/photos/m44100418824_1.jpg?1752025424,¥,"1,700",未組立
HGUC シャア専用高機動型ザクⅡ＆ザクⅡセット　ガンプラ　未組立　プレバン限定,https://jp.mercari.com/item/m51998677348,https://static.mercdn.net/c!/w=240/thumb/photos/m51998677348_1.jpg?1752307667,¥,"6,699",未組立
1/288 ガンダム ガンプラコレクション ミニガンプラ,https://jp.mercari.com/item/m56334233896,https://static.mercdn.net/c!/w=240/thumb/photos/m56334233896_1.jpg?1750735662,¥,"1,500",未組立
ベアッガイ　シャア専用ザク　HG　セブンイレブン限定　ガンプラ　未組立,https://jp.mercari.com/item/m51309996878,https://static.mercdn.net/c!/w=240/thumb/photos/m51309996878_1.jpg?1752230411,¥,"8,480",未組立
HGガンプラ セット売り【未組立】,https://jp.mercari.com/item/m85382258981,https://static.mercdn.net/c!/w=240/thumb/photos/m85382258981_1.jpg?1751377556,¥,"4,700",未組立
ガンプラ 新品未組立 HG ガンキャノン ククルス・ドアンの島版 バンダイ,https://jp.mercari.com/item/m82431124836,https://static.mercdn.net/c!/w=240/thumb/photos/m82431124836_1.jpg?1750598027,¥,"4,390",未組立
ガンダムビルドファイターズ　ガンプラ hg rギャギャ　新品 内袋未開封 未組立,https://jp.mercari.com/item/m16998296672,https://static.mercdn.net/c!/w=240/thumb/photos/m16998296672_1.jpg?1744724444,¥,"5,500",未組立
サザビー メカニカルバスト　カラー外装　内部メカ　セット,https://jp.mercari.com/item/m20685498617,https://static.mercdn.net/c!/w=240/thumb/photos/m20685498617_1.jpg?1752354560,¥,"1,980",未組立
機動戦士ガンダム　1/2400 グワジン　ガンプラ　旧キット　未組立,https://jp.mercari.com/item/m95153709266,https://static.mercdn.net/c!/w=240/thumb/photos/m95153709266_1.jpg?1752390561,¥,"2,000",未組立
HG キュベレイ　未組立,https://jp.mercari.com/item/m39726002220,https://static.mercdn.net/c!/w=240/thumb/photos/m39726002220_1.jpg?1752340736,¥,"3,900",未組立
機動戦士ガンダム00 ガンプラ hg ユニオンフラッグ量産型　未開封 未組立,https://jp.mercari.com/item/m46502670357,https://static.mercdn.net/c!/w=240/thumb/photos/m46502670357_1.jpg?1752396760,¥,"3,280",未組立
ガンプラ　クルーザーモード用ブースター拡張セット　新品未組立品,https://jp.mercari.com/item/m54373646448,https://static.mercdn.net/c!/w=240/thumb/photos/m54373646448_1.jpg?1751791604,¥,"5,000",未組立
1/550 ビグザム　ビグ・ザム　旧キット　ガンダム　ガンプラ,https://jp.mercari.com/item/m24902991062,https://static.mercdn.net/c!/w=240/thumb/photos/m24902991062_1.jpg?1752405725,¥,"3,000",未組立
HG ザク1スナイパー & ザク デザートタイプ ピンクパンサー隊機 セット,https://jp.mercari.com/item/m12125805621,https://static.mercdn.net/c!/w=240/thumb/photos/m12125805621_1.jpg?1752389466,¥,"6,000",未組立
旧ガンプラ 4体セット,https://jp.mercari.com/item/m65034865489,https://static.mercdn.net/c!/w=240/thumb/photos/m65034865489_1.jpg?1752226844,¥,"3,222",未組立
HG ガンダム6号機　マドロック　未組立品,https://jp.mercari.com/item/m27044043662,https://static.mercdn.net/c!/w=240/thumb/photos/m27044043662_1.jpg?1752291099,現在 ¥,"5,900",未組立
RG 1/144 シャイニングガンダム 機動武闘伝Gガンダム,https://jp.mercari.com/item/m92232105879,https://static.mercdn.net/c!/w=240/thumb/photos/m92232105879_1.jpg?1752399572,¥,"5,599",未組立
新品未組立　HG MSN-04Ⅱ NIGHTINGALE バンダイスピリッツ,https://jp.mercari.com/item/m19768484283,https://static.mercdn.net/c!/w=240/thumb/photos/m19768484283_1.jpg?1752409146,¥,"13,555",未組立
ガンプラ　ガンダムSEED　フリーダム　ストライクフリーダム　キラ　未組立,https://jp.mercari.com/item/m12797957247,https://static.mercdn.net/c!/w=240/thumb/photos/m12797957247_1.jpg?1752331733,¥,"4,800",未組立
HG エルガイム [スペシャルコーティング] 1/144スケール 未組立,https://jp.mercari.com/item/m95626291275,https://static.mercdn.net/c!/w=240/thumb/photos/m95626291275_1.jpg?1752398483,¥,"6,666",未組立
EG 1/144 ストライクガンダム　2個セット,https://jp.mercari.com/item/m84179774757,https://static.mercdn.net/c!/w=240/thumb/photos/m84179774757_1.jpg?1752347103,¥,"2,800",未組立
BANDAI SPIRITS MG 1/100 バンダイナムコ版 V2アサルトバスターガンダム Ver.Ka 15+表記,https://jp.mercari.com/shops/product/REJqppGSon4zWV4CJzJgu8,https://assets.mercari-shops-static.com/-/small/plain/z2nVuGUHhKb3Waf4eF87gn.jpg@webp,¥,"8,030",未組立
バンダイ HGUC 1/144 機動戦士ガンダム ゴッグ 008,https://jp.mercari.com/shops/product/wSgvyak5v9sfpM83JKeYvc,https://assets.mercari-shops-static.com/-/small/plain/PDP35zdS6nP4gXD8FMrjH9.jpg@webp,¥,"1,430",未組立
ユニコーンガンダム デストロイモード バンダイ版,https://jp.mercari.com/item/m92800158951,https://static.mercdn.net/c!/w=240/thumb/photos/m92800158951_1.jpg?1751195322,¥,"1,500",未組立
未組立　RG RX-93　νガンダム Hi-νガンダム　セット　ニューガンダム,https://jp.mercari.com/item/m87994149287,https://static.mercdn.net/c!/w=240/thumb/photos/m87994149287_1.jpg?1752390700,¥,"14,800",未組立
HG1/144ブラックナイトスコードシヴァ　未組立品,https://jp.mercari.com/item/m80984709217,https://static.mercdn.net/c!/w=240/thumb/photos/m80984709217_1.jpg?1750649698,¥,"3,400",未組立
新品　HG 赤いガンダム 機動戦士Gundam GQuuuuuuX ジークアクス,https://jp.mercari.com/item/m16926401853,https://static.mercdn.net/c!/w=240/thumb/photos/m16926401853_1.jpg?1752381140,¥,"4,599",未組立
戦場のレクイレム　ガンダム　ザク　2個　未開封　未組立　1/144,https://jp.mercari.com/item/m41447607822,https://static.mercdn.net/c!/w=240/thumb/photos/m41447607822_1.jpg?1752299257,¥,"6,111",未組立
新品未組立 HG 鉄血のオルフェンズ 8体セット,https://jp.mercari.com/item/m93586591478,https://static.mercdn.net/c!/w=240/thumb/photos/m93586591478_1.jpg?1752380889,¥,"15,000",未組立
MGサイズ 1/100ウイングガンダム スノーホワイト新品,https://jp.mercari.com/item/m82363201687,https://static.mercdn.net/c!/w=240/thumb/photos/m82363201687_1.jpg?1752388643,¥,"12,500",未組立
未組立 SDガンダムBB戦士 ガンセイヴァーZ ガンプラ,https://jp.mercari.com/item/m38981901307,https://static.mercdn.net/c!/w=240/thumb/photos/m38981901307_1.jpg?1742728586,¥,"3,300",未組立
【未使用・未組立】 HGBC ギャラクシーブースター ガンプラ 〈匿名配送〉,https://jp.mercari.com/item/m32667253666,https://static.mercdn.net/c!/w=240/thumb/photos/m32667253666_1.jpg?1752324878,¥,"1,200",未組立
ガンプラ　高機動型ザク 地上用(エグバ機) ククルス・ドアン　新品未組立品,https://jp.mercari.com/item/m21840873155,https://static.mercdn.net/c!/w=240/thumb/photos/m21840873155_1.jpg?1751787928,¥,"4,500",未組立
【未組立・送料無料】EG ストライクガンダム　ソードストライカーパーツ,https://jp.mercari.com/item/m64188817927,https://static.mercdn.net/c!/w=240/thumb/photos/m64188817927_1.jpg?1752361647,¥,"2,499",未組立
モビリティジョイント vol.9 zガンダム 百式 マークⅡ 3体セット袋未開封,https://jp.mercari.com/item/m92507656949,https://static.mercdn.net/c!/w=240/thumb/photos/m92507656949_1.jpg?1749605428,¥,"3,600",未組立
RG　1/144 フリーダムガンダム　新品未開封　ガンプラ,https://jp.mercari.com/item/m72965433710,https://static.mercdn.net/c!/w=240/thumb/photos/m72965433710_1.jpg?1751976330,¥,"4,280",未組立
【未組立】 MG 1/100 AMX-004 キュベレイ,https://jp.mercari.com/item/m11245948183,https://static.mercdn.net/c!/w=240/thumb/photos/m11245948183_1.jpg?1752396823,¥,"8,000",未組立
未組立 ガンプラ 機動戦士ガンダムZZ 1/144 ガルスJ,https://jp.mercari.com/item/m94637352598,https://static.mercdn.net/c!/w=240/thumb/photos/m94637352598_1.jpg?1749880393,¥,"2,800",未組立
【未組立】EG ストライクガンダム　ランチャーストライカーパーツ,https://jp.mercari.com/item/m94826864019,https://static.mercdn.net/c!/w=240/thumb/photos/m94826864019_1.jpg?1752361963,¥,"2,555",未組立
HGUC ジムコマンド スペースタイプ　ジャンク品　欠品あり　※,https://jp.mercari.com/item/m90596848955,https://static.mercdn.net/c!/w=240/thumb/photos/m90596848955_1.jpg?1750743150,¥,"1,700",未組立
新品未組立品 プレミアムバンダイ限定 HG 超魔神龍神丸,https://jp.mercari.com/item/m16822064793,https://static.mercdn.net/c!/w=240/thumb/photos/m16822064793_1.jpg?1752403447,¥,"5,500",未組立
新品未組立　MG ユニコーンガンダム3号機 フェネクス & リバウ　1/100,https://jp.mercari.com/item/m83342928005,https://static.mercdn.net/c!/w=240/thumb/photos/m83342928005_1.jpg?1752410904,¥,"21,280",未組立
【未組立】HG 1/144 ガンダムパーフェクトストライクフリーダム,https://jp.mercari.com/item/m64091394209,https://static.mercdn.net/c!/w=240/thumb/photos/m64091394209_1.jpg?1750591870,¥,"4,500",未組立
HGCE フリーダムガンダム 未組立,https://jp.mercari.com/item/m97121824225,https://static.mercdn.net/c!/w=240/thumb/photos/m97121824225_1.jpg?1748732249,¥,"4,000",未組立
未組立の赤龍頑駄無 SDガンダムBB戦士シリーズの一品 新SD戦国伝 地上最強編,https://jp.mercari.com/item/m84684985204,https://static.mercdn.net/c!/w=240/thumb/photos/m84684985204_1.jpg?1752342253,現在 ¥,"1,399",未組立
未組立品 HG 1/144 Dガンダムファースト,https://jp.mercari.com/item/m94024465862,https://static.mercdn.net/c!/w=240/thumb/photos/m94024465862_1.jpg?1751898545,¥,"5,600",未組立
未組立 ビームサーベル用エフェクトパーツのみ RG 1/144 ガンダム 2.0,https://jp.mercari.com/item/m47862597649,https://static.mercdn.net/c!/w=240/thumb/photos/m47862597649_1.jpg?1752395981,¥,799,未組立
【最終値下げ】ガンプラまとめ売り HGガンプラ5個未組立品セット,https://jp.mercari.com/item/m77574761597,https://static.mercdn.net/c!/w=240/thumb/photos/m77574761597_1.jpg?1751801092,現在 ¥,"11,800",未組立
【未組立】MG 1／100RX-178 FXA-05D スーパーガンダム,https://jp.mercari.com/item/m52081711778,https://static.mercdn.net/c!/w=240/thumb/photos/m52081711778_1.jpg?1748163393,¥,"8,500",未組立
【未組立品】MG 1/100 RX-78-2 ガンダム Ver.3.0 限定版,https://jp.mercari.com/item/m23406310388,https://static.mercdn.net/c!/w=240/thumb/photos/m23406310388_1.jpg?1750571529,¥,"6,000",未組立
HG 1/144イフリート改 ガンプラ　プレミアムバンダイ限定,https://jp.mercari.com/item/m31492132413,https://static.mercdn.net/c!/w=240/thumb/photos/m31492132413_1.jpg?1749354337,¥,"4,800",未組立
新品 hgキャリバーンパーメットスコア5水星の魔女 ガンプラ 即購入大歓迎！,https://jp.mercari.com/item/m22814833181,https://static.mercdn.net/c!/w=240/thumb/photos/m22814833181_1.jpg?1752399910,¥,"3,999",未組立
★組立塗装済★ 機動戦士ガンダムSEED 1/144 ストライクダガー バンダイ,https://jp.mercari.com/item/m83231169781,https://static.mercdn.net/c!/w=240/thumb/photos/m83231169781_1.jpg?1752115632,¥,"1,100",組立済み
組立済みHGガンプラセット,https://jp.mercari.com/item/m92511734400,https://static.mercdn.net/c!/w=240/thumb/photos/m92511734400_1.jpg?1752300457,¥,"7,000",組立済み
【HGUC】RX-77　ガンプラ　ジャンク　組立済み,https://jp.mercari.com/item/m44518562501,https://static.mercdn.net/c!/w=240/thumb/photos/m44518562501_1.jpg?1751271988,¥,"7,980",組立済み
HGCEライジングフリーダム イモータルジャスティス 組立済みセット,https://jp.mercari.com/item/m37267312083,https://static.mercdn.net/c!/w=240/thumb/photos/m37267312083_1.jpg?1752230088,¥,"3,500",組立済み
RG XXXG-00W0 ウイングガンダムゼロ EW ZGMF-X20A ストラ,https://jp.mercari.com/item/m80786177547,https://static.mercdn.net/c!/w=240/thumb/photos/m80786177547_1.jpg?1752406704,¥,"7,810",組立済み
【組立済み】MG GP01Fb,https://jp.mercari.com/item/m98136016746,https://static.mercdn.net/c!/w=240/thumb/photos/m98136016746_1.jpg?1752116215,¥,"2,500",組立済み
組立済み HG 1/144 デュエルガンダム アサルトシュラウド,https://jp.mercari.com/item/m46781311262,https://static.mercdn.net/c!/w=240/thumb/photos/m46781311262_1.jpg?1751892722,¥,"1,899",組立済み
【組立済み】 MGSD フリーダムガンダム 素組み 完成品,https://jp.mercari.com/item/m74554711039,https://static.mercdn.net/c!/w=240/thumb/photos/m74554711039_1.jpg?1752424230,¥,"6,000",組立済み
完成品 ガシャプラ シャア専用ザク 組立済 美品 ガンダム カプセルトイ,https://jp.mercari.com/item/m83447542778,https://static.mercdn.net/c!/w=240/thumb/photos/m83447542778_1.jpg?1752185245,¥,700,組立済み
【未組立】トリプルアクションベース ガンプラ,https://jp.mercari.com/item/m37932245387,https://static.mercdn.net/c!/w=240/thumb/photos/m37932245387_1.jpg?1751276966,¥,"2,900",組立済み
バンダイ HG ブルーディスティニー 1号機 & 2号機 2個セット(組立済),https://jp.mercari.com/item/m42399943623,https://static.mercdn.net/c!/w=240/thumb/photos/m42399943623_1.jpg?1752420554,¥,"3,400",組立済み
RG　ガンダムエピオン　組立済,https://jp.mercari.com/item/m42221980056,https://static.mercdn.net/c!/w=240/thumb/photos/m42221980056_1.jpg?1752039553,¥,"3,333",組立済み
機動戦士ガンダム 鉄血のオルフェンズ ガンダムバルバトス 第6形態 1/100ス,https://jp.mercari.com/item/m18561779345,https://static.mercdn.net/c!/w=240/thumb/photos/m18561779345_1.jpg?1752418256,¥,"6,300",組立済み
SDガンダムプラモデル(組立済み)　まとめ売り　箱付き！,https://jp.mercari.com/item/m60510084274,https://static.mercdn.net/c!/w=240/thumb/photos/m60510084274_1.jpg?1751694870,¥,"4,000",組立済み
組立済み HG 1/144 GF13-017NJ シャイニングガンダム,https://jp.mercari.com/item/m64308543781,https://static.mercdn.net/c!/w=240/thumb/photos/m64308543781_1.jpg?1752400428,¥,"3,499",組立済み
組立済み HG 1/144 ガンダムグシオン,https://jp.mercari.com/item/m89619619549,https://static.mercdn.net/c!/w=240/thumb/photos/m89619619549_1.jpg?1751895207,¥,"2,699",組立済み
組立済み MG ガンダム Ver.3.0 地球連邦軍白兵戦用モビルスーツ,https://jp.mercari.com/item/m37502518735,https://static.mercdn.net/c!/w=240/thumb/photos/m37502518735_1.jpg?1751709362,¥,"5,699",組立済み
RG ガンダムrx-78 完成品　組立済み,https://jp.mercari.com/item/m42358518012,https://static.mercdn.net/c!/w=240/thumb/photos/m42358518012_1.jpg?1752281376,¥,"3,980",組立済み
ガンプラ【中古品/たばこ臭、汚れ】 HGUC 1/144 ガンダムGP03S ステイメン バンダイ ガンダム 99,https://jp.mercari.com/shops/product/mp8FCw2vTwjryuAB3CTpzX,https://assets.mercari-shops-static.com/-/small/plain/GsPPsHi2pLZZTY8xcQ9NiQ.jpg@webp,¥,"1,700",組立済み
HGAC 1/144 ガンダムアスクレプオス,https://jp.mercari.com/item/m18901949313,https://static.mercdn.net/c!/w=240/thumb/photos/m18901949313_1.jpg?1751207074,¥,"3,200",組立済み
HG ガンダム端白星,https://jp.mercari.com/item/m62618828429,https://static.mercdn.net/c!/w=240/thumb/photos/m62618828429_1.jpg?1748155763,¥,"1,700",組立済み
MG1/100 ストームブリンガーF.A 組立済み (素組み),https://jp.mercari.com/item/m25341692167,https://static.mercdn.net/c!/w=240/thumb/photos/m25341692167_1.jpg?1752282558,¥,"4,000",組立済み
ガンプラ 水星の魔女 エアリアル キャリバーン 組立済セット,https://jp.mercari.com/item/m86371615861,https://static.mercdn.net/c!/w=240/thumb/photos/m86371615861_1.jpg?1751623886,¥,"4,500",組立済み
【旧キット】1/2400ホワイトベース　ガンプラ　ジャンク　組立済み,https://jp.mercari.com/item/m44268334706,https://static.mercdn.net/c!/w=240/thumb/photos/m44268334706_1.jpg?1744981984,¥,"12,980",組立済み
【リバイバル】1/144ガンダム夏期迷彩塗装　ガンプラ　ジャンク　組立済み,https://jp.mercari.com/item/m91369477469,https://static.mercdn.net/c!/w=240/thumb/photos/m91369477469_1.jpg?1752413586,¥,"29,980",組立済み
【組立済プラモデル】1/144 HG ザクII F2型　連邦軍仕様,https://jp.mercari.com/item/m63899184468,https://static.mercdn.net/c!/w=240/thumb/photos/m63899184468_1.jpg?1751969999,¥,"3,500",組立済み
【EX】1/1700ホワイトベース　ガンプラ　ジャンク　組立済み,https://jp.mercari.com/item/m73493296241,https://static.mercdn.net/c!/w=240/thumb/photos/m73493296241_1.jpg?1751625458,¥,"29,980",組立済み
MG 量産型ゲルググ Ver.2.0 【一部組立】,https://jp.mercari.com/item/m63298687232,https://static.mercdn.net/c!/w=240/thumb/photos/m63298687232_1.jpg?1752130614,¥,"8,499",組立済み
【HGUC】RX-77ガンキャノン　ガンプラ　ジャンク　組立済み完成品,https://jp.mercari.com/item/m70487168813,https://static.mercdn.net/c!/w=240/thumb/photos/m70487168813_1.jpg?1751271995,¥,"7,980",組立済み
HG V2ガンダム アサルトバスター ジャンク,https://jp.mercari.com/item/m54688935828,https://static.mercdn.net/c!/w=240/thumb/photos/m54688935828_1.jpg?1752333563,¥,"2,222",組立済み
HG ガンダムキュリオス,https://jp.mercari.com/item/m93795685488,https://static.mercdn.net/c!/w=240/thumb/photos/m93795685488_1.jpg?1748144834,¥,"3,900",組立済み
HGCEストライクフリーダム　∞ジャスティス　HGシラヌイアカツキ組立済セット,https://jp.mercari.com/item/m28343296054,https://static.mercdn.net/c!/w=240/thumb/photos/m28343296054_1.jpg?1752228852,¥,"5,300",組立済み
プラモデル　RG　フルアーマーユニコーンガンダム　組立済　ジャンク,https://jp.mercari.com/item/m42821138235,https://static.mercdn.net/c!/w=240/thumb/photos/m42821138235_1.jpg?1749963492,¥,"6,199",組立済み
組立済み HG 1/144 MBF-M1 M1 アストレイ,https://jp.mercari.com/item/m99924121512,https://static.mercdn.net/c!/w=240/thumb/photos/m99924121512_1.jpg?1751198751,¥,"2,299",組立済み
組立済み HG 1/144 ガンダムSEED パーフェクトストライクガンダム,https://jp.mercari.com/item/m32446990082,https://static.mercdn.net/c!/w=240/thumb/photos/m32446990082_1.jpg?1752407144,¥,"2,899",組立済み
ガンプラ【中古品/欠品、部分塗装】 HGUC 1/144 ガンダムGP02A サイサリス バンダイ ガンダム 934,https://jp.mercari.com/shops/product/xuReKarY34bfYGtZZLozeg,https://assets.mercari-shops-static.com/-/small/plain/JJg7fihXuy22ScPGCfUYT7.jpg@webp,¥,"2,200",組立済み
HG 1/144 インフィニットジャスティスガンダム弐式 組立品,https://jp.mercari.com/item/m48916772221,https://static.mercdn.net/c!/w=240/thumb/photos/m48916772221_1.jpg?1752130656,¥,"2,800",組立済み
MG　ダブルオーライザー　組立済,https://jp.mercari.com/item/m65362046539,https://static.mercdn.net/c!/w=240/thumb/photos/m65362046539_1.jpg?1752375897,¥,"5,555",組立済み
SDガンダム ダブルオーライザー 組立済み,https://jp.mercari.com/item/m36570704717,https://static.mercdn.net/c!/w=240/thumb/photos/m36570704717_1.jpg?1748780825,¥,"3,500",組立済み
【リバイバル】1/144ガンダム冬期迷彩塗装　ガンプラ　ジャンク　組立済み,https://jp.mercari.com/item/m39772945787,https://static.mercdn.net/c!/w=240/thumb/photos/m39772945787_1.jpg?1752413579,¥,"29,980",組立済み
組立済み SDガンダム BB戦士 SDCSセット,https://jp.mercari.com/item/m37249110265,https://static.mercdn.net/c!/w=240/thumb/photos/m37249110265_1.jpg?1752291197,¥,"3,900",組立済み
【HGUC】MS-06ザク　ガンプラ　ジャンク　組立済み完成品,https://jp.mercari.com/item/m68901234406,https://static.mercdn.net/c!/w=240/thumb/photos/m68901234406_1.jpg?1740756241,¥,"7,980",組立済み
【HGUC】RGM-79ジム　連邦軍量産型MS　ガンプラ　ジャンク　組立済み,https://jp.mercari.com/item/m79022637447,https://static.mercdn.net/c!/w=240/thumb/photos/m79022637447_1.jpg?1751272011,¥,"5,980",組立済み
組立済み HG RX-78-2 ガンダム ゴールドインジェクションカラー セブン,https://jp.mercari.com/item/m40264402025,https://static.mercdn.net/c!/w=240/thumb/photos/m40264402025_1.jpg?1752407192,¥,"4,899",組立済み
1/100 ハイレゾリューションモデル　ゴッドガンダム　スミ入れ組立済みキット,https://jp.mercari.com/item/m41985306344,https://static.mercdn.net/c!/w=240/thumb/photos/m41985306344_1.jpg?1751434421,¥,"10,999",組立済み
ガンプラ 完成品 1/144 HGUC ガンダムイージーエイト,https://jp.mercari.com/item/m83593315593,https://static.mercdn.net/c!/w=240/thumb/photos/m83593315593_1.jpg?1751197248,¥,"4,000",組立済み
ニューガンダム エントリーグレード　rx93ff 　サイドF 組立済,https://jp.mercari.com/item/m73071622954,https://static.mercdn.net/c!/w=240/thumb/photos/m73071622954_1.jpg?1751117634,¥,"2,200",組立済み
ガンプラ　HGUC デルタザイン 組立 部分塗装済み,https://jp.mercari.com/item/m26134181345,https://static.mercdn.net/c!/w=240/thumb/photos/m26134181345_1.jpg?1751692646,¥,"8,750",組立済み
ゼータガンダム SDクロスシルエット 　クリアカラー　限定品　組立済み,https://jp.mercari.com/item/m26881969776,https://static.mercdn.net/c!/w=240/thumb/photos/m26881969776_1.jpg?1748322997,¥,"1,799",組立済み
組立済み HG 1/144 ガンダムサバーニャ クリアカラーバージョン,https://jp.mercari.com/item/m46342833042,https://static.mercdn.net/c!/w=240/thumb/photos/m46342833042_1.jpg?1751893528,¥,"3,899",組立済み
,,,,,組立済み
【EX】1/1700ムサイ　ガンプラ　ジャンク　組立済み,https://jp.mercari.com/item/m55430779943,https://static.mercdn.net/c!/w=240/thumb/photos/m55430779943_1.jpg?1751625480,¥,"29,980",組立済み
【組立済プラモデル】1/144 HG キュベレイ,https://jp.mercari.com/item/m66399107771,https://static.mercdn.net/c!/w=240/thumb/photos/m66399107771_1.jpg?1751708448,¥,"5,900",組立済み
ガンダムプラモデルザクⅡ4体セット,https://jp.mercari.com/item/m37568901329,https://static.mercdn.net/c!/w=240/thumb/photos/m37568901329_1.jpg?1748844086,¥,"2,500",組立済み
LBXルシファー プラモデル ガンプラ ガンダム HG,https://jp.mercari.com/item/m94687751123,https://static.mercdn.net/c!/w=240/thumb/photos/m94687751123_1.jpg?1742220081,現在 ¥,"2,600",組立済み
HG ガンダムヴァーチェ,https://jp.mercari.com/item/m79575054045,https://static.mercdn.net/c!/w=240/thumb/photos/m79575054045_1.jpg?1748145393,¥,"3,900",組立済み
組立済み HG ガンダムAGE-1、2、3、FX 4体セット,https://jp.mercari.com/item/m42285742671,https://static.mercdn.net/c!/w=240/thumb/photos/m42285742671_1.jpg?1751968087,¥,"6,899",組立済み
バンザイ 機動戦士ガンダム 旧キット 未組立 ガンプラ モナカキット 当時物,https://jp.mercari.com/item/m70548503649,https://static.mercdn.net/c!/w=240/thumb/photos/m70548503649_1.jpg?1752236631,¥,"7,880",組立済み
塗装品　バンダイ　HGUC　ボリノーク・サマーン,https://jp.mercari.com/item/m35018829236,https://static.mercdn.net/c!/w=240/thumb/photos/m35018829236_1.jpg?1746504763,¥,"2,333",組立済み
組立済み HG 1/144 ウイングガンダムゼロ,https://jp.mercari.com/item/m36242267229,https://static.mercdn.net/c!/w=240/thumb/photos/m36242267229_1.jpg?1751195130,¥,"2,299",組立済み
オプションパーツ スカルウェポン,https://jp.mercari.com/item/m80650659089,https://static.mercdn.net/c!/w=240/thumb/photos/m80650659089_1.jpg?1752385000,¥,"4,500",組立済み
エコプラ　ガンダム,https://jp.mercari.com/item/m63244889142,https://static.mercdn.net/c!/w=240/thumb/photos/m63244889142_1.jpg?1751704458,¥,300,組立済み
カバヤ トランスフォーマーガム インフェルノ,https://jp.mercari.com/item/m11335006511,https://static.mercdn.net/c!/w=240/thumb/photos/m11335006511_1.jpg?1749642844,¥,"1,399",組立済み
HG 1/144 ガンダムベース限定 ユニコーンガンダム(光の結晶体),https://jp.mercari.com/item/m12362135781,https://static.mercdn.net/c!/w=240/thumb/photos/m12362135781_1.jpg?1752408608,¥,"2,800",組立済み
ガンダム・ドムセット（プライズと食玩？）,https://jp.mercari.com/item/m93663160408,https://static.mercdn.net/c!/w=240/thumb/photos/m93663160408_1.jpg?1751421944,現在 ¥,"1,000",組立済み
ガンダム デスサイズ ヘルカスタム1/100 + SDウィングゼロカスタム,https://jp.mercari.com/item/m59737191736,https://static.mercdn.net/c!/w=240/thumb/photos/m59737191736_1.jpg?1751427034,¥,"1,500",組立済み
GフレームFA02 ジャスティス　フレームアーマーセット　新品　未開封　オマケ付,https://jp.mercari.com/item/m66714616316,https://static.mercdn.net/c!/w=240/thumb/photos/m66714616316_1.jpg?1752379117,¥,"2,280",組立済み
ガンプラ HGUC ガンダムZZ バウ グレミー軍 ザクⅢ 組立 塗装済 セット,https://jp.mercari.com/item/m25875323971,https://static.mercdn.net/c!/w=240/thumb/photos/m25875323971_1.jpg?1751692440,¥,"6,300",組立済み
【ジャンク扱い】MGガンプラ２種 組立済み（素組み) ⑦ ガンダム,https://jp.mercari.com/item/m61853250504,https://static.mercdn.net/c!/w=240/thumb/photos/m61853250504_1.jpg?1752236183,¥,"9,500",組立済み
STRANGE WORK PG 1/60 豊碑　組立済みプラモデル,https://jp.mercari.com/item/m37901214365,https://static.mercdn.net/c!/w=240/thumb/photos/m37901214365_1.jpg?1741485196,¥,"22,000",組立済み
HG シャア専用リックドム,https://jp.mercari.com/item/m52965711503,https://static.mercdn.net/c!/w=240/thumb/photos/m52965711503_1.jpg?1748146723,¥,"5,900",組立済み
ガンプラ組立済みジャンクセット ケンプファーアメイジング ザクアメイジング 等,https://jp.mercari.com/item/m39374233051,https://static.mercdn.net/c!/w=240/thumb/photos/m39374233051_1.jpg?1751803565,¥,"12,499",組立済み
【組立済み】MGガンダムMk-Ⅴ,https://jp.mercari.com/item/m58499752911,https://static.mercdn.net/c!/w=240/thumb/photos/m58499752911_1.jpg?1751185445,¥,"8,000",組立済み
HG1/144 デスティニーガンダム　未組立　内袋未開封　中国版,https://jp.mercari.com/item/m52173741544,https://static.mercdn.net/c!/w=240/thumb/photos/m52173741544_1.jpg?1751339000,¥,"3,800",組立済み
【EX】シーランス　ガンプラ　ジャンク　組立済み,https://jp.mercari.com/item/m36304469085,https://static.mercdn.net/c!/w=240/thumb/photos/m36304469085_1.jpg?1751625506,¥,"5,980",組立済み
完成品 HG ノーベルガンダム バーサーカーモード 初音ミク風塗装,https://jp.mercari.com/item/m87391602508,https://static.mercdn.net/c!/w=240/thumb/photos/m87391602508_1.jpg?1751278282,¥,"4,500",組立済み
ガンキャノン　ガンプラHG旧モデル 塗装済み完成品,https://jp.mercari.com/item/m59996798642,https://static.mercdn.net/c!/w=240/thumb/photos/m59996798642_1.jpg?1748596097,¥,"2,200",組立済み
ガンプラ　EG大阪万博ガンダム　組立済み,https://jp.mercari.com/item/m71578079691,https://static.mercdn.net/c!/w=240/thumb/photos/m71578079691_1.jpg?1747142410,¥,"2,000",組立済み
【HG】ガンプラ　ジャンク組立済み完成品,https://jp.mercari.com/item/m52436813289,https://static.mercdn.net/c!/w=240/thumb/photos/m52436813289_1.jpg?1751272078,¥,"29,980",組立済み
【組立済】【欠品有】RGダブルオーライザー,https://jp.mercari.com/item/m54220368378,https://static.mercdn.net/c!/w=240/thumb/photos/m54220368378_1.jpg?1752309511,¥,"2,500",組立済み
【HGUC】RB-79ボール　ガンプラ　ジャンク　組立済み,https://jp.mercari.com/item/m82116105092,https://static.mercdn.net/c!/w=240/thumb/photos/m82116105092_1.jpg?1747396143,¥,"6,980",組立済み
HGUC ジェガン　アクシズショック 1/144 組み立て済,https://jp.mercari.com/item/m84711225550,https://static.mercdn.net/c!/w=240/thumb/photos/m84711225550_1.jpg?1751795753,¥,"2,400",組立済み
ガンプラ【中古品】 HGUC グリプス戦役セット ゼータ、百式、マークⅡバンダイ ガンダム 935,https://jp.mercari.com/shops/product/6Mrbk8Q7Buii96aRN74qBB,https://assets.mercari-shops-static.com/-/small/plain/d5ceQEGLSZNjoE7D5LfsuD.jpg@webp,¥,"4,500",組立済み
元祖SDガンダム　雷頑駄無　フィギュア,https://jp.mercari.com/item/m68342558196,https://static.mercdn.net/c!/w=240/thumb/photos/m68342558196_1.jpg?1752376740,¥,"3,000",組立済み
7.214 ▲ SDガンダム ガンプラ プラモデル 大量セット まとめ売り,https://jp.mercari.com/item/m53942396384,https://static.mercdn.net/c!/w=240/thumb/photos/m53942396384_1.jpg?1752387470,現在 ¥,"5,000",組立済み
【ジャンク扱い】MGガンプラ２種 組立済み（素組み) ⑥ ガンダム,https://jp.mercari.com/item/m14448117691,https://static.mercdn.net/c!/w=240/thumb/photos/m14448117691_1.jpg?1752231609,¥,"9,500",組立済み
VガンダムENTRY　GRADE 1/144ソリッドクリア組立済み（ジャンク品）,https://jp.mercari.com/item/m98807260690,https://static.mercdn.net/c!/w=240/thumb/photos/m98807260690_1.jpg?1752389750,¥,"1,100",組立済み
【未組立】ガンダムUC スーパーサイズソフビフィギュア,https://jp.mercari.com/item/m93038254698,https://static.mercdn.net/c!/w=240/thumb/photos/m93038254698_1.jpg?1751115358,現在 ¥,"3,300",組立済み
1/100 GAT-X105 エールストライク　ガンダム　プラモデル　ガンプラ,https://jp.mercari.com/item/m91798891627,https://static.mercdn.net/c!/w=240/thumb/photos/m91798891627_1.jpg?1752023539,¥,"2,800",組立済み
組立済み HG ユニコーンバンシィノルン グリーンフレームチタニウムフィニッシュ,https://jp.mercari.com/item/m41637844206,https://static.mercdn.net/c!/w=240/thumb/photos/m41637844206_1.jpg?1751893625,¥,"5,399",組立済み
HG ガンダムバルバトスルプスレクス+レギンレイスジュリア+オプションパーツ,https://jp.mercari.com/item/m88689287833,https://static.mercdn.net/c!/w=240/thumb/photos/m88689287833_1.jpg?1748160425,¥,"5,900",組立済み
